local_path,source_url,mime,width,height,bytes,sha256_prefix,role,alt,used_on
/media/gallery/album-menu-the-boss-01.jpg,https://thebossvietnam.com/upload/product/z606654379618397dc21fc4b42ff42e5b8dde4047177a2-4168.jpg,image/jpeg,1600,1200,1368153,ff0aa6b29b5fef91,album,SẴN SÀNG CHO BOSS,/menu-the-boss
/media/gallery/album-menu-the-boss-02.jpg,https://thebossvietnam.com/upload/product/43484781811866710591008852955163669336045241n-3434.jpg,image/jpeg,1080,1440,266291,c852567f8f9f4422,album,SẴN SÀNG CHO BOSS,/menu-the-boss
/media/gallery/album-menu-the-boss-03.jpg,https://thebossvietnam.com/upload/product/43162597811696060474740536263641340348834145n-6867.jpg,image/jpeg,810,1440,201047,634cce467d225b89,album,SẴN SÀNG CHO BOSS,/menu-the-boss
/media/gallery/album-menu-the-boss-04.jpg,https://thebossvietnam.com/upload/product/42948977511620007882345791948083131684538267n-3424.jpg,image/jpeg,1320,1440,340199,c3bdbfc470c5810e,album,SẴN SÀNG CHO BOSS,/menu-the-boss
/media/gallery/album-menu-the-boss-05.jpg,https://thebossvietnam.com/upload/product/42870839811580715752941675176293336113061507n-7088.jpg,image/jpeg,1080,1440,264094,49ffced70934b3e1,album,SẴN SÀNG CHO BOSS,/menu-the-boss
/media/gallery/album-menu-the-boss-06.jpg,https://thebossvietnam.com/upload/product/z6343017073057b6f45d47b68b171eac796159073810e0-7030.jpg,image/jpeg,1173,1007,308049,1347a6e169bd58b0,album,SẴN SÀNG CHO BOSS,/menu-the-boss
/media/gallery/album-menu-the-boss-07.jpg,https://thebossvietnam.com/upload/product/z6340311945702db8da0cc530d1267280deedfc7135625-3419.jpg,image/jpeg,1200,1600,925822,20ce16f07a42c8a3,album,SẴN SÀNG CHO BOSS,/menu-the-boss
/media/gallery/album-menu-the-boss-08.jpg,https://thebossvietnam.com/upload/product/z63403119346153c5c84f79d41e50f1e91003a41b46ce2-2517.jpg,image/jpeg,1121,1600,997652,e546fca6cb4cac16,album,SẴN SÀNG CHO BOSS,/menu-the-boss
/media/gallery/album-menu-the-boss-09.png,https://thebossvietnam.com/upload/product/thiet-ke-chua-co-ten-4849.png,image/png,1414,1838,3219681,1e22b820a40e31dc,album,SẴN SÀNG CHO BOSS,/menu-the-boss
/media/gallery/album-menu-the-boss-10.jpg,https://thebossvietnam.com/upload/product/z634299652321627d38728ce81f0b52af70040051528ea-5285.jpg,image/jpeg,1600,933,816451,789c58b976c8588d,album,SẴN SÀNG CHO BOSS,/menu-the-boss
/media/gallery/album-menu-the-boss-11.jpg,https://thebossvietnam.com/upload/product/z63430170670089574d54306b81537bc37c3594fa1bf00-9388.jpg,image/jpeg,1117,969,220666,174a6813f254a57f,album,SẴN SÀNG CHO BOSS,/menu-the-boss
/media/gallery/album-menu-the-boss-12.jpg,https://thebossvietnam.com/upload/product/z6340311957681104ce283ce91025a5213141cc0bd0c5b-3438.jpg,image/jpeg,1004,1600,1148338,1dada3163366457e,album,SẴN SÀNG CHO BOSS,/menu-the-boss
/media/gallery/album-the-boss-den-khach-hang-01.jpg,https://thebossvietnam.com/upload/product/z5900547486416aa949ad65d7bb44ee429be3463640095-6230.jpg,image/jpeg,1600,1574,1399278,937dc88ba51d0e8c,album,THE BOSS & ĐỐI TÁC,/the-boss-den-khach-hang
/media/gallery/album-the-boss-den-khach-hang-02.jpg,https://thebossvietnam.com/upload/product/z6064887754509697a8396777bf40561124fdcb533ed70-7766.jpg,image/jpeg,960,1280,251884,ca503dbe3d5fa4aa,album,THE BOSS & ĐỐI TÁC,/the-boss-den-khach-hang
/media/gallery/album-the-boss-den-khach-hang-03.jpg,https://thebossvietnam.com/upload/product/z606651837906859820bd616ee79958e421a2a77837d21-8832.jpg,image/jpeg,1600,1475,1993871,66d3f8f688e99061,album,THE BOSS & ĐỐI TÁC,/the-boss-den-khach-hang
/media/gallery/album-the-boss-den-khach-hang-04.jpg,https://thebossvietnam.com/upload/product/46916718413662415444771688896966380733590431n-4085.jpg,image/jpeg,1276,792,370656,0f380c9ad30f08c7,album,THE BOSS & ĐỐI TÁC,/the-boss-den-khach-hang
/media/gallery/album-the-boss-den-khach-hang-05.jpg,https://thebossvietnam.com/upload/product/46589848813462800431399858788732353754662110n-5663.jpg,image/jpeg,873,1164,125782,6b58ba3e4d6e6d9a,album,THE BOSS & ĐỐI TÁC,/the-boss-den-khach-hang
/media/gallery/album-the-boss-den-khach-hang-06.jpg,https://thebossvietnam.com/upload/product/3-2756.jpg,image/jpeg,886,976,144297,ec1aa9e4f1af731a,album,THE BOSS & ĐỐI TÁC,/the-boss-den-khach-hang
/media/gallery/album-the-boss-den-khach-hang-07.jpg,https://thebossvietnam.com/upload/product/3460477396295459353485644402966311231652959n-6654.jpg,image/jpeg,1440,1400,287394,2d46d915fe58438c,album,THE BOSS & ĐỐI TÁC,/the-boss-den-khach-hang
/media/gallery/album-the-boss-den-khach-hang-08.jpg,https://thebossvietnam.com/upload/product/44447931212264777017868873653840667229627032n-5011.jpg,image/jpeg,1018,1440,186334,c9b127129886137e,album,THE BOSS & ĐỐI TÁC,/the-boss-den-khach-hang
/media/gallery/album-the-boss-den-khach-hang-09.jpg,https://thebossvietnam.com/upload/product/4561064071283511739416816978731316554858924n-1352.jpg,image/jpeg,814,1021,129842,8a10272bdb461940,album,THE BOSS & ĐỐI TÁC,/the-boss-den-khach-hang
/media/gallery/album-the-boss-den-khach-hang-10.jpg,https://thebossvietnam.com/upload/product/46212250213179291759750729027101790374890352n-6495.jpg,image/jpeg,956,859,128120,eae6d27f545c5bc2,album,THE BOSS & ĐỐI TÁC,/the-boss-den-khach-hang
/media/gallery/album-the-boss-den-khach-hang-11.jpg,https://thebossvietnam.com/upload/product/46341332613270048984008332317157777864792622n-4877.jpg,image/jpeg,960,1280,216505,f55c9816fb581de6,album,THE BOSS & ĐỐI TÁC,/the-boss-den-khach-hang
/media/gallery/album-the-boss-den-khach-hang-12.jpg,https://thebossvietnam.com/upload/product/4295240971162000778234580629922784951885772n-3879.jpg,image/jpeg,1352,1440,253348,30f43bce3124e7d6,album,THE BOSS & ĐỐI TÁC,/the-boss-den-khach-hang
/media/gallery/album-the-boss-trong-nhung-phien-hoi-01.jpg,https://thebossvietnam.com/upload/product/z60665223331916862929201120000a7f7c73949df2ead-9543.jpg,image/jpeg,1600,901,1150338,2d20c44beafae295,album,THE BOSS & PHIÊN HỘI,/the-boss-trong-nhung-phien-hoi
/media/gallery/album-the-boss-trong-nhung-phien-hoi-02.jpg,https://thebossvietnam.com/upload/product/z6340285614124a0c09c06542be162f3b3ac67bad2193a-6704.jpg,image/jpeg,1600,1098,1198460,a276f770911c5231,album,THE BOSS & PHIÊN HỘI,/the-boss-trong-nhung-phien-hoi
/media/gallery/album-the-boss-trong-nhung-phien-hoi-03.jpg,https://thebossvietnam.com/upload/product/z63402855590825bb044a5146ea97c692e8dc149845027-4186.jpg,image/jpeg,1600,1159,1538627,780b3dedb971f869,album,THE BOSS & PHIÊN HỘI,/the-boss-trong-nhung-phien-hoi
/media/gallery/album-the-boss-trong-nhung-phien-hoi-04.jpg,https://thebossvietnam.com/upload/product/z6340285673584a108066c2a3c199f17af08317d7d41f3-4901.jpg,image/jpeg,1200,1600,1178148,7481280c5e4b8c29,album,THE BOSS & PHIÊN HỘI,/the-boss-trong-nhung-phien-hoi
/media/gallery/album-the-boss-trong-nhung-phien-hoi-05.jpg,https://thebossvietnam.com/upload/product/z6340285728571c8e555f94c381198889802c2a57c0c8b-2494.jpg,image/jpeg,1200,1600,1153181,36fbde3d6bef5b2e,album,THE BOSS & PHIÊN HỘI,/the-boss-trong-nhung-phien-hoi
/media/gallery/album-the-boss-trong-nhung-phien-hoi-06.jpg,https://thebossvietnam.com/upload/product/z634028575444323bdaa78e1ba64ed1cacf8ec682a4721-5865.jpg,image/jpeg,1200,1600,1100662,429b043064663f2c,album,THE BOSS & PHIÊN HỘI,/the-boss-trong-nhung-phien-hoi
/media/gallery/album-the-boss-trong-nhung-phien-hoi-07.jpg,https://thebossvietnam.com/upload/product/z63402858204488f1a8a827e7ea591551326b21c6c01e4-6108.jpg,image/jpeg,1200,1600,1100450,11bd00755924fa28,album,THE BOSS & PHIÊN HỘI,/the-boss-trong-nhung-phien-hoi
/media/gallery/album-the-boss-trong-nhung-phien-hoi-08.jpg,https://thebossvietnam.com/upload/product/z63402856440363a4150c7305896585565943479d6a17a-3468.jpg,image/jpeg,1600,981,1199944,7e697c29f3a1c190,album,THE BOSS & PHIÊN HỘI,/the-boss-trong-nhung-phien-hoi
/media/gallery/album-the-boss-trong-nhung-phien-hoi-09.jpg,https://thebossvietnam.com/upload/product/z63402857027491d112fab2920261841f9797765f97118-6387.jpg,image/jpeg,1504,2560,605369,1019469375f5fb57,album,THE BOSS & PHIÊN HỘI,/the-boss-trong-nhung-phien-hoi
/media/gallery/album-the-boss-trong-nhung-phien-hoi-10.jpg,https://thebossvietnam.com/upload/product/z63402857153966f7ebdf62bb3522e17b21fbc72fce81c-9627.jpg,image/jpeg,1200,1600,1148841,2498754da324fb6d,album,THE BOSS & PHIÊN HỘI,/the-boss-trong-nhung-phien-hoi
/media/gallery/album-the-boss-trong-nhung-phien-hoi-11.jpg,https://thebossvietnam.com/upload/product/42245530711410961803250403324240424581439957n-6817.jpg,image/jpeg,1440,1080,186836,5bf5c9a3813fc5f4,album,THE BOSS & PHIÊN HỘI,/the-boss-trong-nhung-phien-hoi
/media/gallery/album-the-boss-trong-nhung-phien-hoi-12.jpg,https://thebossvietnam.com/upload/product/4235819151141679516933373790793117990338250n-5301.jpg,image/jpeg,1536,2048,419350,7f957d2228638f02,album,THE BOSS & PHIÊN HỘI,/the-boss-trong-nhung-phien-hoi
/media/gallery/album-the-boss-trong-nhung-phien-hoi-13.jpg,https://thebossvietnam.com/upload/product/42353882411416795369333715530404713936823637n-5874.jpg,image/jpeg,1536,2048,375363,5da1907c77e63d49,album,THE BOSS & PHIÊN HỘI,/the-boss-trong-nhung-phien-hoi
/media/gallery/album-the-boss-trong-nhung-phien-hoi-14.jpg,https://thebossvietnam.com/upload/product/42358262511416795869333661474060253812655161n-3857.jpg,image/jpeg,960,1280,186131,b20a4b7480664a8f,album,THE BOSS & PHIÊN HỘI,/the-boss-trong-nhung-phien-hoi
/media/gallery/album-the-boss-trong-nhung-phien-hoi-15.jpg,https://thebossvietnam.com/upload/product/4487187321240072567094067137809670785498991n-4881.jpg,image/jpeg,1440,1080,261003,87b3bc936cc36539,album,THE BOSS & PHIÊN HỘI,/the-boss-trong-nhung-phien-hoi
/media/gallery/album-the-boss-trong-nhung-phien-hoi-16.jpg,https://thebossvietnam.com/upload/product/44862326312400725904273985771917760967962958n-1711.jpg,image/jpeg,1440,1080,219131,37c80c27dd41115d,album,THE BOSS & PHIÊN HỘI,/the-boss-trong-nhung-phien-hoi
/media/gallery/album-the-boss-trong-nhung-phien-hoi-17.jpg,https://thebossvietnam.com/upload/product/44867402112400726170940624856702528227737926n-4087.jpg,image/jpeg,1080,1440,278712,3b64040dbdb50d5b,album,THE BOSS & PHIÊN HỘI,/the-boss-trong-nhung-phien-hoi
/media/gallery/album-the-boss-trong-nhung-phien-hoi-18.jpg,https://thebossvietnam.com/upload/product/44855970612400726004273974042126893597682080n-5610.jpg,image/jpeg,1080,1440,263170,f368e8f6fb6e1639,album,THE BOSS & PHIÊN HỘI,/the-boss-trong-nhung-phien-hoi
/media/gallery/album-the-boss-trong-nhung-phien-hoi-19.jpg,https://thebossvietnam.com/upload/product/40891036611064980871181833287115113790478801n-5055.jpg,image/jpeg,1440,960,158132,48049cf5e14390fa,album,THE BOSS & PHIÊN HỘI,/the-boss-trong-nhung-phien-hoi
/media/gallery/album-the-boss-trong-nhung-phien-hoi-20.jpg,https://thebossvietnam.com/upload/product/4162239691125281241906534868613801040171089n-3897.jpg,image/jpeg,1290,1098,234014,3b4b5dc56c9fb8cc,album,THE BOSS & PHIÊN HỘI,/the-boss-trong-nhung-phien-hoi
/media/gallery/album-the-boss-trong-nhung-phien-hoi-21.jpg,https://thebossvietnam.com/upload/product/41525845611228356688177583169379384951845062n-8185.jpg,image/jpeg,1440,960,155013,3412228482b7a8ef,album,THE BOSS & PHIÊN HỘI,/the-boss-trong-nhung-phien-hoi
/media/gallery/album-the-boss-trong-nhung-phien-hoi-22.jpg,https://thebossvietnam.com/upload/product/41591927911228356988177558568196071108638897n-8934.jpg,image/jpeg,1440,960,194189,edf018b84b5dbcdd,album,THE BOSS & PHIÊN HỘI,/the-boss-trong-nhung-phien-hoi
/media/gallery/album-the-boss-trong-nhung-phien-hoi-23.jpg,https://thebossvietnam.com/upload/product/41558384411228356721510916103829948888126071n-3359.jpg,image/jpeg,1440,960,148210,dc7003274b8c2ee7,album,THE BOSS & PHIÊN HỘI,/the-boss-trong-nhung-phien-hoi
/media/gallery/album-the-boss-trong-nhung-phien-hoi-24.jpg,https://thebossvietnam.com/upload/product/4155305791122835745484417327405543531802512n-6080.jpg,image/jpeg,1400,1127,284956,0f2c133f46ef0320,album,THE BOSS & PHIÊN HỘI,/the-boss-trong-nhung-phien-hoi
/media/gallery/album-the-boss-trong-nhung-phien-hoi-25.jpg,https://thebossvietnam.com/upload/product/38043040310565908854422378318248088048630668n-7450.jpg,image/jpeg,889,860,229679,93b1d8d51f8dca77,album,THE BOSS & PHIÊN HỘI,/the-boss-trong-nhung-phien-hoi
/media/gallery/album-the-boss-trong-nhung-phien-hoi-26.jpg,https://thebossvietnam.com/upload/product/23-9567.jpg,image/jpeg,1600,1068,1930509,3ef2877976768d1f,album,THE BOSS & PHIÊN HỘI,/the-boss-trong-nhung-phien-hoi
/media/gallery/album-the-boss-trong-nhung-phien-hoi-27.jpg,https://thebossvietnam.com/upload/product/4740277131400620137705975501299499851185789n-4990.jpg,image/jpeg,1402,1600,1525504,9d88c836bff60e0b,album,THE BOSS & PHIÊN HỘI,/the-boss-trong-nhung-phien-hoi
/media/gallery/album-the-boss-trong-nhung-phien-hoi-28.jpg,https://thebossvietnam.com/upload/product/41554179911228356754844243114874800821125475n-7614.jpg,image/jpeg,1440,936,201340,a5ed87a8bc7021de,album,THE BOSS & PHIÊN HỘI,/the-boss-trong-nhung-phien-hoi
/media/gallery/album-the-boss-trong-nhung-phien-hoi-29.jpg,https://thebossvietnam.com/upload/product/44968384512471492497197323220675204690482420n-8757.jpg,image/jpeg,1536,2048,292210,ab0f481577e243bd,album,THE BOSS & PHIÊN HỘI,/the-boss-trong-nhung-phien-hoi
/media/gallery/album-the-boss-trong-nhung-phien-hoi-30.jpg,https://thebossvietnam.com/upload/product/44913359712471491297197448135681137809689868n-1705.jpg,image/jpeg,1536,2048,278961,61a0a9470e2fb396,album,THE BOSS & PHIÊN HỘI,/the-boss-trong-nhung-phien-hoi
/media/gallery/album-the-boss-va-cac-sen-01.jpg,https://thebossvietnam.com/upload/product/46922224713645813746431858803985998071900908n-9199.jpg,image/jpeg,988,1313,316266,ac44448607a00bfa,album,THE BOSS & CÁC SEN,/the-boss-va-cac-sen
/media/gallery/album-the-boss-va-cac-sen-02.jpg,https://thebossvietnam.com/upload/product/z634031367547797b0e5db832644db1c69df7d8838983d-5243.jpg,image/jpeg,1440,2560,1297179,d61453f4de1908f9,album,THE BOSS & CÁC SEN,/the-boss-va-cac-sen
/media/gallery/album-the-boss-va-cac-sen-03.jpg,https://thebossvietnam.com/upload/product/3383725727541802894182503150056145525131371n-9531.jpg,image/jpeg,1078,1440,323674,f4f8fe287690690e,album,THE BOSS & CÁC SEN,/the-boss-va-cac-sen
/media/gallery/album-the-boss-va-cac-sen-04.jpg,https://thebossvietnam.com/upload/product/44953109912471490897197483686427025592409184n-9579.jpg,image/jpeg,1388,1600,1475361,18747c88bb27b4a0,album,THE BOSS & CÁC SEN,/the-boss-va-cac-sen
/media/gallery/album-the-boss-va-cac-sen-05.jpg,https://thebossvietnam.com/upload/product/44960198212471492230530686386934593721376819n-3909.jpg,image/jpeg,1411,1872,632399,9363ff2f3381c973,album,THE BOSS & CÁC SEN,/the-boss-va-cac-sen
/media/gallery/album-the-boss-va-cac-sen-06.jpg,https://thebossvietnam.com/upload/product/z634028151348764e47fe3812984904ce442d2d5b75935-5970.jpg,image/jpeg,1370,2285,452330,ad3bf334374c7631,album,THE BOSS & CÁC SEN,/the-boss-va-cac-sen
/media/gallery/album-the-boss-va-cac-sen-07.jpg,https://thebossvietnam.com/upload/product/z6340285571669793361170bbc6819c0f15246111780f3-9650.jpg,image/jpeg,1200,1600,1207948,b522d773ddf71da3,album,THE BOSS & CÁC SEN,/the-boss-va-cac-sen
/media/gallery/album-the-boss-va-cac-sen-08.jpg,https://thebossvietnam.com/upload/product/z63402815030006ed937c22d41977ab681f00b4140041e-1897.jpg,image/jpeg,1200,1600,906726,3595b2674a3eb63d,album,THE BOSS & CÁC SEN,/the-boss-va-cac-sen
/media/gallery/album-the-boss-va-cac-sen-09.jpg,https://thebossvietnam.com/upload/product/z6340281521748ef21f5d4f3cb84fa1253ef25ef3ad47a-1365.jpg,image/jpeg,1434,2320,503192,c147db6316aeb6f8,album,THE BOSS & CÁC SEN,/the-boss-va-cac-sen
/media/gallery/album-the-boss-va-cac-sen-10.jpg,https://thebossvietnam.com/upload/product/z6340281543939245df2168ffd910353820db3a82a9211-6873.jpg,image/jpeg,1200,1600,1179522,1fcb3cfd41d866c3,album,THE BOSS & CÁC SEN,/the-boss-va-cac-sen
/media/gallery/album-the-boss-va-cac-sen-11.jpg,https://thebossvietnam.com/upload/product/z6340281568439313cd22fb61ff12216b84139d5a55aed-7667.jpg,image/jpeg,1575,2560,665953,c0bc0d000daeb5d4,album,THE BOSS & CÁC SEN,/the-boss-va-cac-sen
/media/gallery/album-the-boss-va-cac-sen-12.jpg,https://thebossvietnam.com/upload/product/z6340281557449b651e6c3a96b6fe405352193851d9f12-5003.jpg,image/jpeg,1006,1600,1124172,9925ef130c759bce,album,THE BOSS & CÁC SEN,/the-boss-va-cac-sen
/media/gallery/album-the-boss-va-cac-sen-13.jpg,https://thebossvietnam.com/upload/product/z634028158237051714caa8576f930d2e49f295c664a17-3502.jpg,image/jpeg,1200,1600,1095172,157d470edefbf1b0,album,THE BOSS & CÁC SEN,/the-boss-va-cac-sen
/media/gallery/album-the-boss-va-cac-sen-14.jpg,https://thebossvietnam.com/upload/product/z63402815947929ffa98addd5a4883e1c7d9c5955d26b0-3808.jpg,image/jpeg,1200,1600,1142097,e569060f988a4711,album,THE BOSS & CÁC SEN,/the-boss-va-cac-sen
/media/gallery/album-the-boss-va-cac-sen-15.jpg,https://thebossvietnam.com/upload/product/z6340281605546280de55d10ad6064e933ed1185bcfe6d-6486.jpg,image/jpeg,1484,2560,649217,e5f7113578fb07ee,album,THE BOSS & CÁC SEN,/the-boss-va-cac-sen
/media/gallery/album-the-boss-va-cac-sen-16.jpg,https://thebossvietnam.com/upload/product/z6340281616745f2ff7f79097ab95333852ab13b92f8ac-1079.jpg,image/jpeg,1139,1600,1127318,0c751b73100b2bc3,album,THE BOSS & CÁC SEN,/the-boss-va-cac-sen
/media/gallery/album-the-boss-va-cac-sen-17.jpg,https://thebossvietnam.com/upload/product/z6340281630114e0d733a65ce5b02b47fa8431da8389f9-5466.jpg,image/jpeg,1073,1600,1122089,2aee40b76837d6c7,album,THE BOSS & CÁC SEN,/the-boss-va-cac-sen
/media/gallery/album-the-boss-va-cac-sen-18.jpg,https://thebossvietnam.com/upload/product/z634028164058026d5b2e4ae48bf45fa13a40cadef479d-4904.jpg,image/jpeg,1050,1600,874667,1dc41a059c0469c4,album,THE BOSS & CÁC SEN,/the-boss-va-cac-sen
/media/gallery/album-the-boss-va-cac-sen-19.jpg,https://thebossvietnam.com/upload/product/z63402857715382eb121e94db514e32672407d3bfe607d-2754.jpg,image/jpeg,1426,2560,800889,2f05dd6a167742c9,album,THE BOSS & CÁC SEN,/the-boss-va-cac-sen
/media/gallery/album-the-boss-va-cac-sen-20.jpg,https://thebossvietnam.com/upload/product/z6340285785862e684a387bc8b1aff7999e34fd081313c-9207.jpg,image/jpeg,1126,1600,970362,8009f5f0ae912992,album,THE BOSS & CÁC SEN,/the-boss-va-cac-sen
/media/gallery/album-the-boss-va-cac-sen-21.jpg,https://thebossvietnam.com/upload/product/z634028579595810df18651f1ef062480a3b1c7b13c7a5-7261.jpg,image/jpeg,1592,2560,704934,82f539b51ac9e7d6,album,THE BOSS & CÁC SEN,/the-boss-va-cac-sen
/media/gallery/album-the-boss-va-cac-sen-22.jpg,https://thebossvietnam.com/upload/product/z6340285806379e873c7261b3a37ef8ba8dd5b90e56ddf-9616.jpg,image/jpeg,1123,1600,836598,20f973f5d027b21e,album,THE BOSS & CÁC SEN,/the-boss-va-cac-sen
/media/gallery/album-the-boss-va-cac-sen-23.jpg,https://thebossvietnam.com/upload/product/z634028583528665f296d45ac48cc92dec3cc3609f837d-5891.jpg,image/jpeg,1200,1600,1309318,7d3fe319f11556c5,album,THE BOSS & CÁC SEN,/the-boss-va-cac-sen
/media/gallery/album-the-boss-va-cac-sen-24.jpg,https://thebossvietnam.com/upload/product/36227816410239356820410913097267346356951918n-7298.jpg,image/jpeg,1066,1440,205202,0a2928cd310da65e,album,THE BOSS & CÁC SEN,/the-boss-va-cac-sen
/media/home/46888521713645814346431795730101411714443059n-5759.jpg,https://thebossvietnam.com/thumbs/420x420x1/upload/product/46888521713645814346431795730101411714443059n-5759.jpg,image/jpeg,420,420,192012,0a64a18fb15c254d,album-preview,THE BOSS &amp; CÁC SEN,/
/media/home/z5900547486416aa949ad65d7bb44ee429be3463640095-7034.jpg,https://thebossvietnam.com/thumbs/340x380x1/upload/product/z5900547486416aa949ad65d7bb44ee429be3463640095-7034.jpg,image/jpeg,340,380,126018,e5f2a37a08868200,album-preview,THE BOSS &amp; ĐỐI TÁC,/
/media/home/z60665223331916862929201120000a7f7c73949df2ead-4394.jpg,https://thebossvietnam.com/thumbs/600x300x1/upload/product/z60665223331916862929201120000a7f7c73949df2ead-4394.jpg,image/jpeg,600,300,192254,2190445c9e43d6b7,album-preview,THE BOSS &amp; PHIÊN HỘI,/
/media/home/z606654379618397dc21fc4b42ff42e5b8dde4047177a2-8324.jpg,https://thebossvietnam.com/thumbs/400x300x1/upload/product/z606654379618397dc21fc4b42ff42e5b8dde4047177a2-8324.jpg,image/jpeg,400,300,135680,6e661b2d7aed37b8,album-preview,SẴN SÀNG CHO BOSS,/
/media/products/badge-hot.png,https://thebossvietnam.com/assets/images/hot.png,image/png,226,136,5612,3e30926f7d727f66,badge,,/san-pham /thit-tuoi /pate /tim-kiem?keyword=ga /thit-heo /thit-bo
/media/products/badge-new.png,https://thebossvietnam.com/assets/images/new.png,image/png,226,136,5117,96670abf9e5c5ebc,badge,,/san-pham /thit-tuoi /pate /tim-kiem?keyword=ga /soup-ga-tiem /soup-heo-ham /soup-vit-tiem /soup-ca-tuoi /soup-bo-ham /soup-hai-san
/media/editorial/cham-soc-suc-khoe-toan-dien-cho-cho-meo-ngoai-che-do-dinh-duong-01.png,https://thebossvietnam.com/upload/filemanager/files/Ch%C4%83m%20s%C3%B3c%20s%E1%BB%A9c%20kh%E1%BB%8Fe%20to%C3%A0n%20di%E1%BB%87n.png,image/png,600,396,481683,d4c1b3eba573bc04,editorial,,/cham-soc-suc-khoe-toan-dien-cho-cho-meo-ngoai-che-do-dinh-duong
/media/editorial/handbook-cover-01.png,https://thebossvietnam.com/thumbs/210x144x1/upload/news/chuyen-doi-thuc-an-cho-cho-meo-an-toan-3612.png,image/png,210,144,47934,b79d601b0ac53fe8,editorial,"HƯỚNG DẪN CÁCH CHUYỂN ĐỔI THỨC ĂN CHO CHÓ, MÈO AN TOÀN.",/cam-nang
/media/editorial/handbook-cover-02.png,https://thebossvietnam.com/thumbs/210x144x1/upload/news/2-3691.png,image/png,210,144,45856,2ab252088638a853,editorial,"NHỮNG THỰC PHẨM NGUY HIỂM KHÔNG NÊN CHO CHÓ, MÈO ĂN.",/cam-nang
/media/editorial/handbook-cover-03.png,https://thebossvietnam.com/thumbs/210x144x1/upload/news/cham-soc-suc-khoe-toan-dien-2472.png,image/png,210,144,62206,66cb0946a2c2831e,editorial,"CHĂM SÓC SỨC KHỎE TOÀN DIỆN CHO CHÓ, MÈO NGOÀI CHẾ ĐỘ DINH DƯỠNG.",/cam-nang
/media/editorial/huong-dan-cach-chuyen-doi-thuc-an-cho-cho-meo-an-toan-01.png,https://thebossvietnam.com/upload/filemanager/files/Chuy%E1%BB%83n%20%C4%91%E1%BB%95i%20th%E1%BB%A9c%20%C4%83n%20cho%20ch%C3%B3%20m%C3%A8o%20an%20to%C3%A0n.png,image/png,600,393,356634,623dc519004f2172,editorial,,/huong-dan-cach-chuyen-doi-thuc-an-cho-cho-meo-an-toan
/media/editorial/huong-dan-cach-chuyen-doi-thuc-an-cho-cho-meo-an-toan-02.png,https://thebossvietnam.com/upload/filemanager/files/T%E1%BB%89%20l%E1%BB%87%20cho%20%C4%83n%20khi%20%C4%91%E1%BB%95i%20th%E1%BB%A9c%20%C4%83n%20m%E1%BB%9Bi-01.png,image/png,600,250,59053,c1b21d800185c47c,editorial,,/huong-dan-cach-chuyen-doi-thuc-an-cho-cho-meo-an-toan
/media/editorial/nhung-thuc-pham-nguy-hiem-khong-nen-cho-cho-meo-an-01.png,https://thebossvietnam.com/upload/filemanager/files/Th%E1%BB%B1c%20ph%E1%BA%A9m%20nguy%20hi%E1%BB%83m%20cho%20ch%C3%B3%20m%C3%A8o.png,image/png,600,424,331605,cf514436d49fd949,editorial,,/nhung-thuc-pham-nguy-hiem-khong-nen-cho-cho-meo-an
/media/editorial/nhung-thuc-pham-nguy-hiem-khong-nen-cho-cho-meo-an-02.png,https://thebossvietnam.com/upload/filemanager/files/Nguy%C3%AAn%20li%E1%BB%87u%20t%C6%B0%C6%A1i.png,image/png,600,395,566771,a304c958d77b0440,editorial,,/nhung-thuc-pham-nguy-hiem-khong-nen-cho-cho-meo-an
/fonts/font-cookierun-black.woff,https://thebossvietnam.com/assets/fonts/SRN-CookieRun-Black-1.woff,font/woff,,,812132,4414d9ad1a52c401,font,,/san-pham /thit-tuoi /pate /tim-kiem /tim-kiem?keyword=ga /tim-kiem?keyword= /tim-kiem?keyword=zzzzqqq /gio-hang /chim-cut /thit-vit /ga-ac /tom-xay-hon-hop /soup-ga-tiem
/fonts/font-svn-poppins.woff,https://thebossvietnam.com/assets/fonts/SVN-Poppins.woff,font/woff,,,156144,a82322066621ec80,font,,/san-pham /thit-tuoi /pate /tim-kiem /tim-kiem?keyword=ga /tim-kiem?keyword= /tim-kiem?keyword=zzzzqqq /gio-hang /chim-cut /thit-vit /ga-ac /tom-xay-hon-hop /soup-ga-tiem
/fonts/font-svn-poppins-bold.woff,https://thebossvietnam.com/assets/fonts/SVN-PoppinsBold.woff,font/woff,,,155340,ef97fb32f51b9429,font,,/san-pham /thit-tuoi /pate /tim-kiem /tim-kiem?keyword=ga /tim-kiem?keyword= /tim-kiem?keyword=zzzzqqq /gio-hang /chim-cut /thit-vit /ga-ac /tom-xay-hon-hop /soup-ga-tiem
/fonts/font-svn-poppins-light.woff,https://thebossvietnam.com/assets/fonts/SVN-PoppinsLight.woff,font/woff,,,153452,d42340ecdb88000e,font,,/san-pham /thit-tuoi /pate /tim-kiem /tim-kiem?keyword=ga /tim-kiem?keyword= /tim-kiem?keyword=zzzzqqq /gio-hang /chim-cut /thit-vit /ga-ac /tom-xay-hon-hop /soup-ga-tiem
/fonts/font-svn-poppins-medium.woff,https://thebossvietnam.com/assets/fonts/SVN-PoppinsMedium.woff,font/woff,,,153400,3cca98b1036236f0,font,,/san-pham /thit-tuoi /pate /tim-kiem /tim-kiem?keyword=ga /tim-kiem?keyword= /tim-kiem?keyword=zzzzqqq /gio-hang /chim-cut /thit-vit /ga-ac /tom-xay-hon-hop /soup-ga-tiem
/fonts/font-svn-poppins-semibold.woff,https://thebossvietnam.com/assets/fonts/SVN-PoppinsSemiBold.woff,font/woff,,,155280,8b0b5339d5fa50e7,font,,/san-pham /thit-tuoi /pate /tim-kiem /tim-kiem?keyword=ga /tim-kiem?keyword= /tim-kiem?keyword=zzzzqqq /gio-hang /chim-cut /thit-vit /ga-ac /tom-xay-hon-hop /soup-ga-tiem
/fonts/uccm3fwrk3iltcvneqg7ca725jhhknnqk4j1eblham8srxtc2dphjq.ttf,https://fonts.gstatic.com/s/inter/v20/UcCM3FwrK3iLTcvneQg7Ca725JhhKnNqk4j1ebLhAm8SrXTc2dphjQ.ttf,font/ttf,,,329124,5dcea0643d98c3b9,font,Inter,/
/fonts/uccm3fwrk3iltcvneqg7ca725jhhknnqk4j1eblham8srxtc2dthjq.ttf,https://fonts.gstatic.com/s/inter/v20/UcCM3FwrK3iLTcvneQg7Ca725JhhKnNqk4j1ebLhAm8SrXTc2dthjQ.ttf,font/ttf,,,328252,ef8f755d933b9310,font,Inter,/
/fonts/uccm3fwrk3iltcvneqg7ca725jhhknnqk4j1eblham8srxtc69thjq.ttf,https://fonts.gstatic.com/s/inter/v20/UcCM3FwrK3iLTcvneQg7Ca725JhhKnNqk4j1ebLhAm8SrXTc69thjQ.ttf,font/ttf,,,328764,f0f1d28363e3a64e,font,Inter,/
/fonts/uccm3fwrk3iltcvneqg7ca725jhhknnqk4j1eblham8srxtcb9xhjq.ttf,https://fonts.gstatic.com/s/inter/v20/UcCM3FwrK3iLTcvneQg7Ca725JhhKnNqk4j1ebLhAm8SrXTcB9xhjQ.ttf,font/ttf,,,329620,5b6f0c6f26e5c554,font,Inter,/
/fonts/uccm3fwrk3iltcvneqg7ca725jhhknnqk4j1eblham8srxtccnxhjq.ttf,https://fonts.gstatic.com/s/inter/v20/UcCM3FwrK3iLTcvneQg7Ca725JhhKnNqk4j1ebLhAm8SrXTccNxhjQ.ttf,font/ttf,,,331044,7c1999c303b4d292,font,Inter,/
/fonts/uccm3fwrk3iltcvneqg7ca725jhhknnqk4j1eblham8srxtch9thjq.ttf,https://fonts.gstatic.com/s/inter/v20/UcCM3FwrK3iLTcvneQg7Ca725JhhKnNqk4j1ebLhAm8SrXTch9thjQ.ttf,font/ttf,,,329212,e59f6349bc74d1f9,font,Inter,/
/fonts/uccm3fwrk3iltcvneqg7ca725jhhknnqk4j1eblham8srxtcptxhjq.ttf,https://fonts.gstatic.com/s/inter/v20/UcCM3FwrK3iLTcvneQg7Ca725JhhKnNqk4j1ebLhAm8SrXTcPtxhjQ.ttf,font/ttf,,,330132,c1811d32ac0f6eed,font,Inter,/
/fonts/uccm3fwrk3iltcvneqg7ca725jhhknnqk4j1eblham8srxtcwdthjq.ttf,https://fonts.gstatic.com/s/inter/v20/UcCM3FwrK3iLTcvneQg7Ca725JhhKnNqk4j1ebLhAm8SrXTcWdthjQ.ttf,font/ttf,,,329392,bfaead52c6371b64,font,Inter,/
/fonts/uccm3fwrk3iltcvneqg7ca725jhhknnqk4j1eblham8srxtcwdxhjq.ttf,https://fonts.gstatic.com/s/inter/v20/UcCM3FwrK3iLTcvneQg7Ca725JhhKnNqk4j1ebLhAm8SrXTcWdxhjQ.ttf,font/ttf,,,331020,43650eb9c3a23ddc,font,Inter,/
/fonts/ucco3fwrk3iltehus-nvmrmxcp50sjiw2bokodukmmevubwymzg.ttf,https://fonts.gstatic.com/s/inter/v20/UcCO3FwrK3iLTeHuS_nVMrMxCp50SjIw2boKoduKmMEVuBWYMZg.ttf,font/ttf,,,327260,5b717029a2c4cfca,font,Inter,/
/fonts/ucco3fwrk3iltehus-nvmrmxcp50sjiw2bokodukmmevudyfmzg.ttf,https://fonts.gstatic.com/s/inter/v20/UcCO3FwrK3iLTeHuS_nVMrMxCp50SjIw2boKoduKmMEVuDyfMZg.ttf,font/ttf,,,325604,1be2b11bc5c1e0f7,font,Inter,/
/fonts/ucco3fwrk3iltehus-nvmrmxcp50sjiw2bokodukmmevudyymzg.ttf,https://fonts.gstatic.com/s/inter/v20/UcCO3FwrK3iLTeHuS_nVMrMxCp50SjIw2boKoduKmMEVuDyYMZg.ttf,font/ttf,,,327324,eec66af7f2337bd3,font,Inter,/
/fonts/ucco3fwrk3iltehus-nvmrmxcp50sjiw2bokodukmmevufuymzg.ttf,https://fonts.gstatic.com/s/inter/v20/UcCO3FwrK3iLTeHuS_nVMrMxCp50SjIw2boKoduKmMEVuFuYMZg.ttf,font/ttf,,,326468,b37284b5701b6b16,font,Inter,/
/fonts/ucco3fwrk3iltehus-nvmrmxcp50sjiw2bokodukmmevugkymzg.ttf,https://fonts.gstatic.com/s/inter/v20/UcCO3FwrK3iLTeHuS_nVMrMxCp50SjIw2boKoduKmMEVuGKYMZg.ttf,font/ttf,,,326048,e7a1aaf7eda9f2fa,font,Inter,/
/fonts/ucco3fwrk3iltehus-nvmrmxcp50sjiw2bokodukmmevui6fmzg.ttf,https://fonts.gstatic.com/s/inter/v20/UcCO3FwrK3iLTeHuS_nVMrMxCp50SjIw2boKoduKmMEVuI6fMZg.ttf,font/ttf,,,325304,8c883f63b2c4157d,font,Inter,/
/fonts/ucco3fwrk3iltehus-nvmrmxcp50sjiw2bokodukmmevulyemzg.ttf,https://fonts.gstatic.com/s/inter/v20/UcCO3FwrK3iLTeHuS_nVMrMxCp50SjIw2boKoduKmMEVuLyeMZg.ttf,font/ttf,,,325028,3428fd01a4531078,font,Inter,/
/fonts/ucco3fwrk3iltehus-nvmrmxcp50sjiw2bokodukmmevulyfmzg.ttf,https://fonts.gstatic.com/s/inter/v20/UcCO3FwrK3iLTeHuS_nVMrMxCp50SjIw2boKoduKmMEVuLyfMZg.ttf,font/ttf,,,324820,1b08e7fc267a5c7e,font,Inter,/
/fonts/ucco3fwrk3iltehus-nvmrmxcp50sjiw2bokodukmmevuokfmzg.ttf,https://fonts.gstatic.com/s/inter/v20/UcCO3FwrK3iLTeHuS_nVMrMxCp50SjIw2boKoduKmMEVuOKfMZg.ttf,font/ttf,,,325748,d0f4bc7faca46837,font,Inter,/
/media/home/15-sp-1379.png,https://thebossvietnam.com/thumbs/1920x800x1/upload/photo/15-sp-1379.png,image/png,1920,800,1366526,d193ceea6a50e888,hero,,/
/media/home/9-sp-88630.png,https://thebossvietnam.com/thumbs/1920x800x1/upload/photo/9-sp-88630.png,image/png,1920,800,1150478,1134c5acdbb12ad1,hero,,/
/media/home/banner-boss-vn-final-03-5325.png,https://thebossvietnam.com/thumbs/1920x800x1/upload/photo/banner-boss-vn-final-03-5325.png,image/png,1920,800,985994,dd01bbaa8045cad5,hero,Khuyen mai 08.08.2026,/
/media/misc/1-5393.png,https://thebossvietnam.com/thumbs/210x144x1/upload/news/1-5393.png,image/png,210,144,19647,ceef398d50584f17,icon,Chính sách tuyển dụng.,/chinh-sach-bao-mat
/media/misc/2-1557.png,https://thebossvietnam.com/thumbs/210x144x1/upload/news/2-1557.png,image/png,210,144,17588,749858b6ac91fb2d,icon,Chính sách bảo mật.,/chinh-sach-tuyen-dung
/media/misc/2-3691.png,https://thebossvietnam.com/thumbs/376x300x1/upload/news/2-3691.png,image/png,376,300,138663,b5ce2ef8404d2408,icon,"NHỮNG THỰC PHẨM NGUY HIỂM KHÔNG NÊN CHO CHÓ, MÈO ĂN.",/
/media/misc/cam-nang.png,https://thebossvietnam.com/assets/images/cam-nang.png,image/png,250,62,7484,862cb9c4cdaf1074,icon,icon-news,/
/media/misc/cham-soc-suc-khoe-toan-dien-2472.png,https://thebossvietnam.com/thumbs/376x300x1/upload/news/cham-soc-suc-khoe-toan-dien-2472.png,image/png,376,300,207680,d7c81e8d2d20711d,icon,"CHĂM SÓC SỨC KHỎE TOÀN DIỆN CHO CHÓ, MÈO NGOÀI CHẾ ĐỘ DINH DƯỠNG.",/
/media/misc/chuyen-doi-thuc-an-cho-cho-meo-an-toan-3612.png,https://thebossvietnam.com/thumbs/376x300x1/upload/news/chuyen-doi-thuc-an-cho-cho-meo-an-toan-3612.png,image/png,376,300,153357,f7f4763a413ec340,icon,"HƯỚNG DẪN CÁCH CHUYỂN ĐỔI THỨC ĂN CHO CHÓ, MÈO AN TOÀN.",/
/media/misc/favicon.png,https://thebossvietnam.com/upload/photo/thiet-ke-chua-co-ten-8-6944.png,image/png,45,45,3489,c2520bc1ab8e3077,icon,,/san-pham /thit-tuoi /pate /tim-kiem /tim-kiem?keyword=ga /tim-kiem?keyword= /tim-kiem?keyword=zzzzqqq /gio-hang /he-thong-dai-ly /danh-sach-dai-ly-o-ho-chi-minh /danh-sach-dai-ly-o-binh-duong-binh-phuoc /danh-sach-dai-ly-o-khu-vuc-khac
/media/misc/feedback.png,https://thebossvietnam.com/assets/images/feedback.png,image/png,429,55,8504,f59273d138208504,icon,icon-news,/
/media/misc/footer-rule.png,https://thebossvietnam.com/assets/images/vien1.png,image/png,1366,10,3296,23bbdb67952dbdac,icon,,/san-pham /thit-tuoi /pate /tim-kiem /tim-kiem?keyword=ga /tim-kiem?keyword= /tim-kiem?keyword=zzzzqqq /gio-hang
/media/misc/ha.png,https://thebossvietnam.com/assets/images/ha.png,image/png,424,68,8339,5f71133555d7dcc9,icon,icon-album,/
/media/misc/icon-facebook.png,https://thebossvietnam.com/assets/images/fb1.png,image/png,40,180,1031,18b7d6132efca4ab,icon,logo,/san-pham /thit-tuoi /pate /tim-kiem /tim-kiem?keyword=ga /tim-kiem?keyword= /tim-kiem?keyword=zzzzqqq /gio-hang / /gioi-thieu /lien-he /chinh-sach-bao-mat /chinh-sach-tuyen-dung /he-thong-dai-ly /danh-sach-dai-ly-o-ho-chi-minh /danh-sach-dai-ly-o-binh-duong-binh-phuoc /danh-sach-dai-ly-o-khu-vuc-khac
/media/misc/icon-go-top.png,https://thebossvietnam.com/assets/images/top.png,image/png,41,41,500,574039e5efb7b975,icon,Go Top,/san-pham /thit-tuoi /pate /tim-kiem /tim-kiem?keyword=ga /tim-kiem?keyword= /tim-kiem?keyword=zzzzqqq /gio-hang
/media/misc/icon-menu-dropdown.png,https://thebossvietnam.com/assets/images/icon1.png,image/png,21,8,1183,591b06e13ed5b629,icon,,/san-pham /thit-tuoi /pate /tim-kiem /tim-kiem?keyword=ga /tim-kiem?keyword= /tim-kiem?keyword=zzzzqqq /gio-hang
/media/misc/icon-page-first.png,https://thebossvietnam.com/assets/images/page-first.png,image/png,8,9,111,2959f7467b0edc36,icon,,/san-pham
/media/misc/icon-page-last.png,https://thebossvietnam.com/assets/images/page-last.png,image/png,8,9,111,fce5645091842baf,icon,,/san-pham
/media/misc/icon-page-next.png,https://thebossvietnam.com/assets/images/page-next.png,image/png,5,9,111,7896e38d8776b3d5,icon,,/san-pham
/media/misc/icon-page-prev.png,https://thebossvietnam.com/assets/images/page-prev.png,image/png,5,9,111,3655860181a6ebb9,icon,,/san-pham
/media/misc/icon-search.png,https://thebossvietnam.com/assets/images/search.png,image/png,16,16,1235,48adee338500f4ec,icon,,/san-pham /thit-tuoi /pate /tim-kiem /tim-kiem?keyword=ga /tim-kiem?keyword= /tim-kiem?keyword=zzzzqqq /gio-hang
/media/misc/icon-zalo.png,https://thebossvietnam.com/assets/images/zl.png,image/png,35,35,797,596fd9482afa6395,icon,Zalo,/san-pham /thit-tuoi /pate /tim-kiem /tim-kiem?keyword=ga /tim-kiem?keyword= /tim-kiem?keyword=zzzzqqq /gio-hang / /gioi-thieu /lien-he /chinh-sach-bao-mat /chinh-sach-tuyen-dung /he-thong-dai-ly /danh-sach-dai-ly-o-ho-chi-minh /danh-sach-dai-ly-o-binh-duong-binh-phuoc /danh-sach-dai-ly-o-khu-vuc-khac /chim-cut /thit-vit /ga-ac /tom-xay-hon-hop /soup-ga-tiem
/media/misc/icon2.png,https://thebossvietnam.com/assets/images/icon2.png,image/png,203,160,23910,7c38afd467819944,icon,icon-album,/
/media/misc/icon3.png,https://thebossvietnam.com/assets/images/icon3.png,image/png,60,60,2245,eb5a883aa7ce243f,icon,icon-album,/
/media/misc/spnb.png,https://thebossvietnam.com/assets/images/spnb.png,image/png,408,72,11560,b6c7dd2cc4f94d5e,icon,icon-sanpham,/
/media/misc/thiet-ke-chua-co-ten-14-8887.png,https://thebossvietnam.com/thumbs/785x350x1/upload/photo/thiet-ke-chua-co-ten-14-8887.png,image/png,785,350,224739,190cbbe2635c247a,icon,,/
/media/misc/title-ds.png,https://thebossvietnam.com/assets/images/title-ds.png,image/png,380,71,15002,7c6f7d96dec520d3,icon,,/
/media/misc/vscb.png,https://thebossvietnam.com/assets/images/vscb.png,image/png,493,69,10475,936d86fa7ebc42d3,icon,,/
/media/misc/fanpage-thumb.jpg,https://thebossvietnam.com/thumbs/240x180x2/upload/photo/hinh-anh-dan-den-fanpage-9032.jpg,image/jpeg,240,180,49122,c4fc686681e33d47,image,,/san-pham /thit-tuoi /pate /tim-kiem /tim-kiem?keyword=ga /tim-kiem?keyword= /tim-kiem?keyword=zzzzqqq /gio-hang / /gioi-thieu /lien-he /chinh-sach-bao-mat /chinh-sach-tuyen-dung /he-thong-dai-ly /danh-sach-dai-ly-o-ho-chi-minh /danh-sach-dai-ly-o-binh-duong-binh-phuoc /danh-sach-dai-ly-o-khu-vuc-khac
/media/misc/logo-boss.png,https://thebossvietnam.com/upload/photo/02-logo-boss-chu-do-nen-trang-5204.png,image/png,1600,599,3840484,e9ec185ac3f5a063,logo,logo,/san-pham /thit-tuoi /pate /tim-kiem /tim-kiem?keyword=ga /tim-kiem?keyword= /tim-kiem?keyword=zzzzqqq /gio-hang /he-thong-dai-ly /danh-sach-dai-ly-o-ho-chi-minh /danh-sach-dai-ly-o-binh-duong-binh-phuoc /danh-sach-dai-ly-o-khu-vuc-khac
/media/misc/logo-boss.png,https://thebossvietnam.com/upload/news/02-logo-boss-chu-do-nen-trang-5204-8553.png,image/png,1600,599,3840484,e9ec185ac3f5a063,logo,logo,/san-pham /thit-tuoi /pate /tim-kiem /tim-kiem?keyword=ga /tim-kiem?keyword= /tim-kiem?keyword=zzzzqqq /gio-hang /he-thong-dai-ly /danh-sach-dai-ly-o-ho-chi-minh /danh-sach-dai-ly-o-binh-duong-binh-phuoc /danh-sach-dai-ly-o-khu-vuc-khac
/media/misc/404-clouds.png,https://thebossvietnam.com/assets/404_files/clouds.png,image/png,1768,261,10183,91123de4892e3ea0,notfound,,/gio-hang
/media/misc/404-light.png,https://thebossvietnam.com/assets/404_files/light.png,image/png,697,480,9096,be41577823328167,notfound,,/gio-hang
/media/misc/404-moon.png,https://thebossvietnam.com/assets/404_files/moon.png,image/png,310,313,6762,6320dcf5a752e324,notfound,,/gio-hang
/media/misc/404-mountain1.png,https://thebossvietnam.com/assets/404_files/mountains1.png,image/png,1495,204,9282,08f12d1bdb72f795,notfound,,/gio-hang
/media/misc/404-mountain2.png,https://thebossvietnam.com/assets/404_files/mountains2.png,image/png,1392,163,8612,ca6f9a0b525f5be8,notfound,,/gio-hang
/media/misc/404-mountain3.png,https://thebossvietnam.com/assets/404_files/mountains3.png,image/png,1580,234,11068,3eb4d14ad02b1c7f,notfound,,/gio-hang
/media/misc/404-spaceship.png,https://thebossvietnam.com/assets/404_files/spaceship.png,image/png,576,185,31770,168d60d63a4248e6,notfound,,/gio-hang
/media/misc/404-stars.png,https://thebossvietnam.com/assets/404_files/stars.png,image/png,1236,389,18249,75940a0edc910c4e,notfound,,/gio-hang
/media/misc/ca-xay-og-image.png,https://thebossvietnam.com/thumbs/400x200x2/upload/product/ca-xay-1854.png,image/png,400,200,67958,884bd18cd78283b8,og-image,CÁ XAY,/ca-xay
/media/misc/dai-ly-binh-duong-og.png,https://thebossvietnam.com/thumbs/420x288x2/upload/news/binh-duong-6179.png,image/png,420,288,127284,c7e0a19377f529cf,og-image,DANH SÁCH ĐẠI LÝ Ở BÌNH DƯƠNG,/danh-sach-dai-ly-o-binh-duong-binh-phuoc
/media/misc/dai-ly-ho-chi-minh-og.png,https://thebossvietnam.com/thumbs/420x288x2/upload/news/avatar-chi-nhanh-dai-ly-5309.png,image/png,420,288,127433,21a7b8e00ecdbc98,og-image,DANH SÁCH ĐẠI LÝ Ở HỒ CHÍ MINH,/danh-sach-dai-ly-o-ho-chi-minh
/media/misc/dai-ly-khu-vuc-khac-og.png,https://thebossvietnam.com/thumbs/420x288x2/upload/news/khu-vuc-khac-2615.png,image/png,420,288,127744,9439bf27bf172dca,og-image,DANH SÁCH ĐẠI LÝ Ở KHU VỰC KHÁC,/danh-sach-dai-ly-o-khu-vuc-khac
/media/misc/ga-xay-hon-hop-og-image.png,https://thebossvietnam.com/thumbs/400x200x2/upload/product/ga-xay-hon-hop-3116.png,image/png,400,200,53493,2bac38619b43776d,og-image,GÀ XAY HỖN HỢP,/ga-xay-hon-hop
/media/misc/supper-ga-og-image.png,https://thebossvietnam.com/thumbs/400x200x2/upload/product/super-ga-9866.png,image/png,400,200,39970,4978d9d8a12467fe,og-image,SUPER GÀ,/supper-ga
/media/misc/thit-bo-og-image.png,https://thebossvietnam.com/thumbs/400x200x2/upload/product/thit-bo-3112.png,image/png,400,200,69587,87b62ed0d552fd64,og-image,THỊT BÒ,/thit-bo
/media/misc/thit-heo-og-image.png,https://thebossvietnam.com/thumbs/400x200x2/upload/product/thit-heo-4805.png,image/png,400,200,58287,473e8bad95a3d10a,og-image,THỊT HEO,/thit-heo
/media/home/1-17150.png,https://thebossvietnam.com/upload/photo/1-17150.png,image/png,200,200,28179,37ac494abe955807,partner,,/
/media/home/10-44294.jpg,https://thebossvietnam.com/upload/photo/10-44294.jpg,image/jpeg,1000,1000,76467,e91ec50ac1d97381,partner,,/
/media/home/2-42230.png,https://thebossvietnam.com/upload/photo/2-42230.png,image/png,1600,1600,10258244,efc6257390602952,partner,,/
/media/home/3-78501.jpg,https://thebossvietnam.com/upload/photo/3-78501.jpg,image/jpeg,1486,1486,96281,785c23938fecb30c,partner,,/
/media/home/4-13183.jpg,https://thebossvietnam.com/upload/photo/4-13183.jpg,image/jpeg,600,600,60239,2be253f78bbdf56e,partner,,/
/media/home/41-39172.jpg,https://thebossvietnam.com/upload/photo/41-39172.jpg,image/jpeg,960,960,71990,3f6de779ad67da66,partner,,/
/media/home/5-14164.png,https://thebossvietnam.com/upload/photo/5-14164.png,image/png,1264,1264,47480,e6f8c0e2e51b6593,partner,,/
/media/home/6-13700.jpg,https://thebossvietnam.com/upload/photo/6-13700.jpg,image/jpeg,960,960,43094,2c65e474ec8ff6fe,partner,,/
/media/home/7-49701.jpg,https://thebossvietnam.com/upload/photo/7-49701.jpg,image/jpeg,667,667,86098,e402af1c73ced6f6,partner,,/
/media/home/8-75602.jpg,https://thebossvietnam.com/upload/photo/8-75602.jpg,image/jpeg,828,828,44025,be8e39ecef182efe,partner,,/
/media/home/9-39953.jpg,https://thebossvietnam.com/upload/photo/9-39953.jpg,image/jpeg,959,958,97056,887319848bda3b20,partner,,/
/media/misc/placeholder-157x60.png,https://thebossvietnam.com/thumbs/157x60x1/assets/images/noimage.png,image/png,157,60,5947,daf5e07ffb532b04,placeholder,,/san-pham /thit-tuoi /pate /tim-kiem /tim-kiem?keyword=ga /tim-kiem?keyword= /tim-kiem?keyword=zzzzqqq /gio-hang
/media/misc/placeholder-210x80.png,https://thebossvietnam.com/thumbs/210x80x1/assets/images/noimage.png,image/png,210,80,9603,6c443de9fffee652,placeholder,,/san-pham /thit-tuoi /pate /tim-kiem /tim-kiem?keyword=ga /tim-kiem?keyword= /tim-kiem?keyword=zzzzqqq /gio-hang
/media/misc/placeholder-35x35.png,https://thebossvietnam.com/thumbs/35x35x2/assets/images/noimage.png,image/png,35,35,1341,41320498ef135f2f,placeholder,,/san-pham /thit-tuoi /pate /tim-kiem /tim-kiem?keyword=ga /tim-kiem?keyword= /tim-kiem?keyword=zzzzqqq /gio-hang
/media/misc/placeholder-400x200.png,https://thebossvietnam.com/thumbs/400x200x1/assets/images/noimage.png,image/png,400,200,28918,417d24599cae657a,placeholder,,/san-pham /thit-tuoi /pate /tim-kiem /tim-kiem?keyword=ga /tim-kiem?keyword= /tim-kiem?keyword=zzzzqqq /gio-hang
/media/misc/product-ca-xay-alt.png,https://thebossvietnam.com/watermark/product/400x200x1/upload/product/ca-xay-2-5529.png,image/png,400,200,88898,c1fe5187e1df6b24,product-card-hover,CÁ XAY,/san-pham /ga-xay-hon-hop /supper-ga /thit-heo /thit-bo /ca-xay /chim-cut /thit-vit /ga-ac /tom-xay-hon-hop
/media/misc/product-chim-cut-alt.png,https://thebossvietnam.com/watermark/product/400x200x1/upload/product/chim-cut-2-1711.png,image/png,400,200,79860,e32ab35f95eaaa94,product-card-hover,CHIM CÚT,/san-pham /ga-xay-hon-hop /supper-ga /thit-heo /thit-bo /ca-xay /chim-cut /thit-vit /ga-ac /tom-xay-hon-hop
/media/misc/product-ga-ac-alt.png,https://thebossvietnam.com/watermark/product/400x200x1/upload/product/ga-ac-2-8923.png,image/png,400,200,73853,14c4dc5822aa2cb5,product-card-hover,GÀ ÁC,/san-pham /ga-xay-hon-hop /supper-ga /thit-heo /thit-bo /ca-xay /ga-ac /chim-cut /thit-vit /tom-xay-hon-hop
/media/misc/product-ga-xay-hon-hop-alt.png,https://thebossvietnam.com/watermark/product/400x200x1/upload/product/ga-xay-hon-hop-2-2399.png,image/png,400,200,66471,200e1e38ef8b992d,product-card-hover,GÀ XAY HỖN HỢP,/san-pham /ga-xay-hon-hop /supper-ga /thit-heo /thit-bo /ca-xay /chim-cut /thit-vit /ga-ac /tom-xay-hon-hop
/media/misc/product-soup-bo-ham-alt.png,https://thebossvietnam.com/watermark/product/400x200x1/upload/product/3-icon-soup-bo-ham-500gr-7759.png,image/png,400,200,53542,166b5e511a7b248c,product-card-hover,SOUP BÒ HẦM,/san-pham /soup-ga-tiem /soup-vit-tiem /soup-ca-tuoi /soup-hai-san
/media/misc/product-soup-ca-tuoi-alt.png,https://thebossvietnam.com/watermark/product/400x200x1/upload/product/4-icon-soup-ca-tuoi-500gr-9084.png,image/png,400,200,51985,c3b4eeef9396e7e5,product-card-hover,SOUP CÁ TƯƠI,/san-pham /soup-ga-tiem /soup-vit-tiem /soup-bo-ham /soup-hai-san
/media/misc/product-soup-ga-tiem-alt.png,https://thebossvietnam.com/watermark/product/400x200x1/upload/product/1-icon-soup-ga-tiem-500gr-7966.png,image/png,400,200,49252,2383268abd1f4499,product-card-hover,SOUP GÀ TIỀM,/san-pham /soup-ga-tiem /soup-vit-tiem /soup-ca-tuoi /soup-bo-ham /soup-hai-san
/media/misc/product-soup-hai-san-alt.png,https://thebossvietnam.com/watermark/product/400x200x1/upload/product/6-icon-soup-hai-san-500gr-6054.png,image/png,400,200,49113,307714c0d659df06,product-card-hover,SOUP HẢI SẢN,/san-pham /soup-ga-tiem /soup-vit-tiem /soup-ca-tuoi /soup-bo-ham
/media/misc/product-soup-heo-ham-alt.png,https://thebossvietnam.com/watermark/product/400x200x1/upload/product/2-icon-soup-heo-ham-500gr-9409.png,image/png,400,200,49254,17925c9cebf67619,product-card-hover,SOUP HEO HẦM,/san-pham /soup-ga-tiem /soup-ca-tuoi /soup-bo-ham /soup-hai-san
/media/misc/product-soup-vit-tiem-alt.png,https://thebossvietnam.com/watermark/product/400x200x1/upload/product/5-icon-soup-vit-tiem-500gr-2776.png,image/png,400,200,52843,6192c9027032a9d6,product-card-hover,SOUP VỊT TIỀM,/san-pham /soup-ga-tiem /soup-ca-tuoi /soup-bo-ham /soup-hai-san
/media/misc/product-supper-ga-alt.png,https://thebossvietnam.com/watermark/product/400x200x1/upload/product/super-ga-2-1997.png,image/png,400,200,66835,3f7a4538a1233bf4,product-card-hover,SUPER GÀ,/san-pham /ga-xay-hon-hop /supper-ga /thit-heo /thit-bo /ca-xay /chim-cut /thit-vit /ga-ac /tom-xay-hon-hop
/media/misc/product-thit-bo-alt.png,https://thebossvietnam.com/watermark/product/400x200x1/upload/product/thit-bo-2-1108.png,image/png,400,200,85986,6ea901ca0b59dbfe,product-card-hover,THỊT BÒ,/san-pham /ga-xay-hon-hop /supper-ga /thit-heo /thit-bo /ca-xay /chim-cut /thit-vit /ga-ac /tom-xay-hon-hop
/media/misc/product-thit-heo-alt.png,https://thebossvietnam.com/watermark/product/400x200x1/upload/product/thit-heo-2-3989.png,image/png,400,200,84502,96667e61c8e4fc72,product-card-hover,THỊT HEO,/san-pham /ga-xay-hon-hop /supper-ga /thit-heo /thit-bo /ca-xay /chim-cut /thit-vit /ga-ac /tom-xay-hon-hop
/media/misc/product-thit-vit-alt.png,https://thebossvietnam.com/watermark/product/400x200x1/upload/product/thit-vit-2-5357.png,image/png,400,200,80259,fd238e7a5210ab8b,product-card-hover,THỊT VỊT,/san-pham /ga-xay-hon-hop /supper-ga /thit-heo /thit-bo /ca-xay /thit-vit /chim-cut /ga-ac /tom-xay-hon-hop
/media/misc/product-tom-xay-hon-hop-alt.png,https://thebossvietnam.com/watermark/product/400x200x1/upload/product/tom-xay-2-2564.png,image/png,400,200,101288,c5f761fe85a03957,product-card-hover,TÔM XAY HỖN HỢP,/san-pham /ga-xay-hon-hop /supper-ga /thit-heo /thit-bo /ca-xay /tom-xay-hon-hop /chim-cut /thit-vit /ga-ac
/media/misc/ca-xay-og-image.png,https://thebossvietnam.com/watermark/product/400x200x1/upload/product/ca-xay-1854.png,image/png,400,200,67958,884bd18cd78283b8,product-card-main,CÁ XAY,/san-pham /thit-tuoi /ga-xay-hon-hop /supper-ga /thit-heo /thit-bo /ca-xay /chim-cut /thit-vit /ga-ac /tom-xay-hon-hop
/media/misc/product-chim-cut.png,https://thebossvietnam.com/watermark/product/400x200x1/upload/product/chim-cut-3392.png,image/png,400,200,48194,6043294dc143e08c,product-card-main,CHIM CÚT,/san-pham /thit-tuoi /ga-xay-hon-hop /supper-ga /thit-heo /thit-bo /ca-xay /chim-cut /thit-vit /ga-ac /tom-xay-hon-hop
/media/misc/product-ga-ac.png,https://thebossvietnam.com/watermark/product/400x200x1/upload/product/ga-ac-3281.png,image/png,400,200,54669,e3ab2cb7f2087543,product-card-main,GÀ ÁC,/san-pham /thit-tuoi /tim-kiem?keyword=ga /ga-xay-hon-hop /supper-ga /thit-heo /thit-bo /ca-xay /ga-ac /chim-cut /thit-vit /tom-xay-hon-hop
/media/misc/ga-xay-hon-hop-og-image.png,https://thebossvietnam.com/watermark/product/400x200x1/upload/product/ga-xay-hon-hop-3116.png,image/png,400,200,53493,2bac38619b43776d,product-card-main,GÀ XAY HỖN HỢP,/san-pham /thit-tuoi /tim-kiem?keyword=ga /ga-xay-hon-hop /supper-ga /thit-heo /thit-bo /ca-xay /chim-cut /thit-vit /ga-ac /tom-xay-hon-hop
/media/misc/product-soup-bo-ham.png,https://thebossvietnam.com/watermark/product/400x200x1/upload/product/3-hop-soup-bo-ham-500gr-5025.png,image/png,400,200,62916,43234c417262b3f2,product-card-main,SOUP BÒ HẦM,/san-pham /pate /soup-ga-tiem /soup-vit-tiem /soup-ca-tuoi /soup-hai-san
/media/misc/product-soup-ca-tuoi.png,https://thebossvietnam.com/watermark/product/400x200x1/upload/product/4-hop-soup-ca-tuoi-500gr-9469.png,image/png,400,200,60837,05ef4c926bfd703b,product-card-main,SOUP CÁ TƯƠI,/san-pham /pate /soup-ga-tiem /soup-vit-tiem /soup-bo-ham /soup-hai-san
/media/misc/product-soup-ga-tiem.png,https://thebossvietnam.com/watermark/product/400x200x1/upload/product/1-hop-soup-ga-tiem-500gr-8807.png,image/png,400,200,59711,0df76c097b0fc583,product-card-main,SOUP GÀ TIỀM,/san-pham /pate /tim-kiem?keyword=ga /soup-ga-tiem /soup-vit-tiem /soup-ca-tuoi /soup-bo-ham /soup-hai-san
/media/misc/product-soup-hai-san.png,https://thebossvietnam.com/watermark/product/400x200x1/upload/product/6-hop-soup-hai-san-500gr-6344.png,image/png,400,200,60347,375e24097f1e6014,product-card-main,SOUP HẢI SẢN,/san-pham /pate /soup-ga-tiem /soup-vit-tiem /soup-ca-tuoi /soup-bo-ham
/media/misc/product-soup-heo-ham.png,https://thebossvietnam.com/watermark/product/400x200x1/upload/product/2-hop-soup-heo-ham-500gr-2426.png,image/png,400,200,60307,9d570ecec0a6806b,product-card-main,SOUP HEO HẦM,/san-pham /pate /soup-ga-tiem /soup-ca-tuoi /soup-bo-ham /soup-hai-san
/media/misc/product-soup-vit-tiem.png,https://thebossvietnam.com/watermark/product/400x200x1/upload/product/5-hop-soup-vit-tiem-500gr-6648.png,image/png,400,200,61178,268bef486588b236,product-card-main,SOUP VỊT TIỀM,/san-pham /pate /soup-ga-tiem /soup-ca-tuoi /soup-bo-ham /soup-hai-san
/media/misc/supper-ga-og-image.png,https://thebossvietnam.com/watermark/product/400x200x1/upload/product/super-ga-9866.png,image/png,400,200,39970,4978d9d8a12467fe,product-card-main,SUPER GÀ,/san-pham /thit-tuoi /tim-kiem?keyword=ga /ga-xay-hon-hop /supper-ga /thit-heo /thit-bo /ca-xay /chim-cut /thit-vit /ga-ac /tom-xay-hon-hop
/media/misc/thit-bo-og-image.png,https://thebossvietnam.com/watermark/product/400x200x1/upload/product/thit-bo-3112.png,image/png,400,200,69587,87b62ed0d552fd64,product-card-main,THỊT BÒ,/san-pham /thit-tuoi /ga-xay-hon-hop /supper-ga /thit-heo /thit-bo /ca-xay /chim-cut /thit-vit /ga-ac /tom-xay-hon-hop
/media/misc/thit-heo-og-image.png,https://thebossvietnam.com/watermark/product/400x200x1/upload/product/thit-heo-4805.png,image/png,400,200,58287,473e8bad95a3d10a,product-card-main,THỊT HEO,/san-pham /thit-tuoi /ga-xay-hon-hop /supper-ga /thit-heo /thit-bo /ca-xay /chim-cut /thit-vit /ga-ac /tom-xay-hon-hop
/media/misc/product-thit-vit.png,https://thebossvietnam.com/watermark/product/400x200x1/upload/product/thit-vit-5339.png,image/png,400,200,52979,a63af76057e92dee,product-card-main,THỊT VỊT,/san-pham /thit-tuoi /ga-xay-hon-hop /supper-ga /thit-heo /thit-bo /ca-xay /thit-vit /chim-cut /ga-ac /tom-xay-hon-hop
/media/misc/product-tom-xay-hon-hop.png,https://thebossvietnam.com/watermark/product/400x200x1/upload/product/tom-xay-1642.png,image/png,400,200,48446,19b5a427708374f1,product-card-main,TÔM XAY HỖN HỢP,/san-pham /thit-tuoi /ga-xay-hon-hop /supper-ga /thit-heo /thit-bo /ca-xay /tom-xay-hon-hop /chim-cut /thit-vit /ga-ac
/media/products/ca-xay-main.png,https://thebossvietnam.com/upload/product/ca-xay-1854.png,image/png,400,200,69949,ecf464b46d065ee0,product-main,CÁ XAY,/ca-xay
/media/products/chim-cut-main.png,https://thebossvietnam.com/upload/product/chim-cut-3392.png,image/png,400,200,50492,76b0f75706c71dfc,product-main,CHIM CÚT,/chim-cut
/media/products/ga-ac-main.png,https://thebossvietnam.com/upload/product/ga-ac-3281.png,image/png,400,200,56395,bd759e231ec06613,product-main,GÀ ÁC,/ga-ac
/media/products/ga-xay-hon-hop-main.png,https://thebossvietnam.com/upload/product/ga-xay-hon-hop-3116.png,image/png,400,200,56649,fefbe6d503ade3ba,product-main,GÀ XAY HỖN HỢP,/ga-xay-hon-hop
/media/products/soup-bo-ham-main.png,https://thebossvietnam.com/upload/product/3-hop-soup-bo-ham-500gr-5025.png,image/png,400,200,59951,b4f0b9b4dcbe6bcf,product-main,SOUP BÒ HẦM,/soup-bo-ham
/media/products/soup-ca-tuoi-main.png,https://thebossvietnam.com/upload/product/4-hop-soup-ca-tuoi-500gr-9469.png,image/png,400,200,58118,ed534de4b438d025,product-main,SOUP CÁ TƯƠI,/soup-ca-tuoi
/media/products/soup-ga-tiem-main.png,https://thebossvietnam.com/upload/product/1-hop-soup-ga-tiem-500gr-8807.png,image/png,400,200,57199,d897f58cecdbf0c7,product-main,SOUP GÀ TIỀM,/soup-ga-tiem
/media/products/soup-hai-san-main.png,https://thebossvietnam.com/upload/product/6-hop-soup-hai-san-500gr-6344.png,image/png,400,200,57810,50ce6ec3d29050c1,product-main,SOUP HẢI SẢN,/soup-hai-san
/media/products/soup-heo-ham-main.png,https://thebossvietnam.com/upload/product/2-hop-soup-heo-ham-500gr-2426.png,image/png,400,200,57788,9686aff1a8a7652d,product-main,SOUP HEO HẦM,/soup-heo-ham
/media/products/soup-vit-tiem-main.png,https://thebossvietnam.com/upload/product/5-hop-soup-vit-tiem-500gr-6648.png,image/png,400,200,58577,fbcb203be70c6763,product-main,SOUP VỊT TIỀM,/soup-vit-tiem
/media/products/supper-ga-main.png,https://thebossvietnam.com/upload/product/super-ga-9866.png,image/png,400,200,42889,41a102a1ff9630d1,product-main,SUPER GÀ,/supper-ga
/media/products/thit-bo-main.png,https://thebossvietnam.com/upload/product/thit-bo-3112.png,image/png,400,200,71604,957616a3cb5c5383,product-main,THỊT BÒ,/thit-bo
/media/products/thit-heo-main.png,https://thebossvietnam.com/upload/product/thit-heo-4805.png,image/png,400,200,61535,92bdaf674c032e86,product-main,THỊT HEO,/thit-heo
/media/products/thit-vit-main.png,https://thebossvietnam.com/upload/product/thit-vit-5339.png,image/png,400,200,55898,418ade017d77ab06,product-main,THỊT VỊT,/thit-vit
/media/products/tom-xay-main.png,https://thebossvietnam.com/upload/product/tom-xay-1642.png,image/png,400,200,50453,3da9c0852ea23171,product-main,TÔM XAY HỖN HỢP,/tom-xay-hon-hop
/media/misc/product-chim-cut.png,https://thebossvietnam.com/watermark/product/400x200x2/upload/product/chim-cut-3392.png,image/png,400,200,48194,6043294dc143e08c,product-thumb,CHIM CÚT,/chim-cut
/media/products/chim-cut-thumb-2.png,https://thebossvietnam.com/upload/product/chim-cut-5290.png,image/png,842,596,253368,1ba0ffd3508148af,product-thumb,CHIM CÚT,/chim-cut
/media/products/chim-cut-thumb-3.png,https://thebossvietnam.com/upload/product/huong-dan-su-dung-thit-tuoi-9203.png,image/png,1600,1131,7251311,c9bdb39f5cbf03d5,product-thumb,CHIM CÚT,/chim-cut
/media/misc/product-ga-ac.png,https://thebossvietnam.com/watermark/product/400x200x2/upload/product/ga-ac-3281.png,image/png,400,200,54669,e3ab2cb7f2087543,product-thumb,GÀ ÁC,/ga-ac
/media/products/ga-ac-thumb-2.png,https://thebossvietnam.com/upload/product/ga-ac-8019.png,image/png,842,596,243738,c50498569e352a75,product-thumb,GÀ ÁC,/ga-ac
/media/products/chim-cut-thumb-3.png,https://thebossvietnam.com/upload/product/huong-dan-su-dung-thit-tuoi-3559.png,image/png,1600,1131,7251311,c9bdb39f5cbf03d5,product-thumb,GÀ ÁC,/ga-ac
/media/misc/product-soup-bo-ham.png,https://thebossvietnam.com/watermark/product/400x200x2/upload/product/3-hop-soup-bo-ham-500gr-5025.png,image/png,400,200,62916,43234c417262b3f2,product-thumb,SOUP BÒ HẦM,/soup-bo-ham
/media/products/soup-bo-ham-thumb-2.png,https://thebossvietnam.com/upload/product/3-soup-bo-ham-a4-1353.png,image/png,1600,1131,7251311,87023ed8cae3b734,product-thumb,SOUP BÒ HẦM,/soup-bo-ham
/media/products/soup-bo-ham-thumb-3.jpg,https://thebossvietnam.com/upload/product/a4huong-dan-su-dungpage2-5511.jpg,image/jpeg,1600,1132,816330,6d3009647cb080fc,product-thumb,SOUP BÒ HẦM,/soup-bo-ham
/media/misc/product-soup-ca-tuoi.png,https://thebossvietnam.com/watermark/product/400x200x2/upload/product/4-hop-soup-ca-tuoi-500gr-9469.png,image/png,400,200,60837,05ef4c926bfd703b,product-thumb,SOUP CÁ TƯƠI,/soup-ca-tuoi
/media/products/soup-ca-tuoi-thumb-2.png,https://thebossvietnam.com/upload/product/4-soup-ca-tuoi-a4-8303.png,image/png,1600,1131,7251311,f92bddbc0e1b2972,product-thumb,SOUP CÁ TƯƠI,/soup-ca-tuoi
/media/products/soup-bo-ham-thumb-3.jpg,https://thebossvietnam.com/upload/product/a4huong-dan-su-dungpage2-6979.jpg,image/jpeg,1600,1132,816330,6d3009647cb080fc,product-thumb,SOUP CÁ TƯƠI,/soup-ca-tuoi
/media/misc/product-soup-ga-tiem.png,https://thebossvietnam.com/watermark/product/400x200x2/upload/product/1-hop-soup-ga-tiem-500gr-8807.png,image/png,400,200,59711,0df76c097b0fc583,product-thumb,SOUP GÀ TIỀM,/soup-ga-tiem
/media/products/soup-ga-tiem-thumb-2.png,https://thebossvietnam.com/upload/product/1-soup-ga-tiem-a4-1231.png,image/png,1600,1131,7251311,e62ac6b59b144c45,product-thumb,SOUP GÀ TIỀM,/soup-ga-tiem
/media/products/soup-bo-ham-thumb-3.jpg,https://thebossvietnam.com/upload/product/a4huong-dan-su-dungpage2-9410.jpg,image/jpeg,1600,1132,816330,6d3009647cb080fc,product-thumb,SOUP GÀ TIỀM,/soup-ga-tiem
/media/misc/product-soup-hai-san.png,https://thebossvietnam.com/watermark/product/400x200x2/upload/product/6-hop-soup-hai-san-500gr-6344.png,image/png,400,200,60347,375e24097f1e6014,product-thumb,SOUP HẢI SẢN,/soup-hai-san
/media/products/soup-hai-san-thumb-2.png,https://thebossvietnam.com/upload/product/6-soup-hai-san-a4-4569.png,image/png,1600,1131,7251311,b066602145f4ea4a,product-thumb,SOUP HẢI SẢN,/soup-hai-san
/media/products/soup-bo-ham-thumb-3.jpg,https://thebossvietnam.com/upload/product/a4huong-dan-su-dungpage2-5859.jpg,image/jpeg,1600,1132,816330,6d3009647cb080fc,product-thumb,SOUP HẢI SẢN,/soup-hai-san
/media/misc/product-soup-heo-ham.png,https://thebossvietnam.com/watermark/product/400x200x2/upload/product/2-hop-soup-heo-ham-500gr-2426.png,image/png,400,200,60307,9d570ecec0a6806b,product-thumb,SOUP HEO HẦM,/soup-heo-ham
/media/products/soup-heo-ham-thumb-2.png,https://thebossvietnam.com/upload/product/2-soup-heo-ham-a4-5042.png,image/png,1600,1131,7251311,1c63c6c473c03067,product-thumb,SOUP HEO HẦM,/soup-heo-ham
/media/products/soup-bo-ham-thumb-3.jpg,https://thebossvietnam.com/upload/product/a4huong-dan-su-dungpage2-3888.jpg,image/jpeg,1600,1132,816330,6d3009647cb080fc,product-thumb,SOUP HEO HẦM,/soup-heo-ham
/media/misc/product-soup-vit-tiem.png,https://thebossvietnam.com/watermark/product/400x200x2/upload/product/5-hop-soup-vit-tiem-500gr-6648.png,image/png,400,200,61178,268bef486588b236,product-thumb,SOUP VỊT TIỀM,/soup-vit-tiem
/media/products/soup-vit-tiem-thumb-2.png,https://thebossvietnam.com/upload/product/5-soup-vit-tiem-a4-5984.png,image/png,1600,1131,7251311,f80bbb37829858e2,product-thumb,SOUP VỊT TIỀM,/soup-vit-tiem
/media/products/soup-bo-ham-thumb-3.jpg,https://thebossvietnam.com/upload/product/a4huong-dan-su-dungpage2-1119.jpg,image/jpeg,1600,1132,816330,6d3009647cb080fc,product-thumb,SOUP VỊT TIỀM,/soup-vit-tiem
/media/misc/product-thit-vit.png,https://thebossvietnam.com/watermark/product/400x200x2/upload/product/thit-vit-5339.png,image/png,400,200,52979,a63af76057e92dee,product-thumb,THỊT VỊT,/thit-vit
/media/products/thit-vit-thumb-2.png,https://thebossvietnam.com/upload/product/thit-vit-7064.png,image/png,842,596,240352,0826447b354c2d7d,product-thumb,THỊT VỊT,/thit-vit
/media/products/chim-cut-thumb-3.png,https://thebossvietnam.com/upload/product/huong-dan-su-dung-thit-tuoi-3916.png,image/png,1600,1131,7251311,c9bdb39f5cbf03d5,product-thumb,THỊT VỊT,/thit-vit
/media/misc/product-tom-xay-hon-hop.png,https://thebossvietnam.com/watermark/product/400x200x2/upload/product/tom-xay-1642.png,image/png,400,200,48446,19b5a427708374f1,product-thumb,TÔM XAY HỖN HỢP,/tom-xay-hon-hop
/media/products/tom-xay-thumb-2.png,https://thebossvietnam.com/upload/product/tom-xay-hon-hop-8898.png,image/png,842,596,247879,5d5395d86dc71d3d,product-thumb,TÔM XAY HỖN HỢP,/tom-xay-hon-hop
/media/products/chim-cut-thumb-3.png,https://thebossvietnam.com/upload/product/huong-dan-su-dung-thit-tuoi-1986.png,image/png,1600,1131,7251311,c9bdb39f5cbf03d5,product-thumb,TÔM XAY HỖN HỢP,/tom-xay-hon-hop
/media/misc/ca-xay-og-image.png,https://thebossvietnam.com/watermark/product/400x200x2/upload/product/ca-xay-1854.png,image/png,400,200,67958,884bd18cd78283b8,product-thumb-1,CÁ XAY,/ca-xay
/media/misc/ga-xay-hon-hop-og-image.png,https://thebossvietnam.com/watermark/product/400x200x2/upload/product/ga-xay-hon-hop-3116.png,image/png,400,200,53493,2bac38619b43776d,product-thumb-1,GÀ XAY HỖN HỢP,/ga-xay-hon-hop
/media/misc/supper-ga-og-image.png,https://thebossvietnam.com/watermark/product/400x200x2/upload/product/super-ga-9866.png,image/png,400,200,39970,4978d9d8a12467fe,product-thumb-1,SUPER GÀ,/supper-ga
/media/misc/thit-bo-og-image.png,https://thebossvietnam.com/watermark/product/400x200x2/upload/product/thit-bo-3112.png,image/png,400,200,69587,87b62ed0d552fd64,product-thumb-1,THỊT BÒ,/thit-bo
/media/misc/thit-heo-og-image.png,https://thebossvietnam.com/watermark/product/400x200x2/upload/product/thit-heo-4805.png,image/png,400,200,58287,473e8bad95a3d10a,product-thumb-1,THỊT HEO,/thit-heo
/media/misc/ca-xay-thumb-2.png,https://thebossvietnam.com/upload/product/ca-xay-2799.png,image/png,842,596,266234,60b497d123b48b4a,product-thumb-2,CÁ XAY,/ca-xay
/media/misc/ga-xay-hon-hop-thumb-2.png,https://thebossvietnam.com/upload/product/ga-xay-hon-hop-4634.png,image/png,842,596,233865,5ca1bb2d67fe5ad5,product-thumb-2,GÀ XAY HỖN HỢP,/ga-xay-hon-hop
/media/misc/supper-ga-thumb-2.png,https://thebossvietnam.com/upload/product/super-ga-5843.png,image/png,842,596,249291,7050c53aad1820be,product-thumb-2,SUPER GÀ,/supper-ga
/media/misc/thit-bo-thumb-2.png,https://thebossvietnam.com/upload/product/thit-bo-5290.png,image/png,842,596,264757,fbcea61d0489367b,product-thumb-2,THỊT BÒ,/thit-bo
/media/misc/thit-heo-thumb-2.png,https://thebossvietnam.com/upload/product/thit-heo-1189.png,image/png,842,596,239867,1f7c6c1e0a813dd7,product-thumb-2,THỊT HEO,/thit-heo
/media/products/chim-cut-thumb-3.png,https://thebossvietnam.com/upload/product/huong-dan-su-dung-thit-tuoi-6252.png,image/png,1600,1131,7251311,c9bdb39f5cbf03d5,product-thumb-3,CÁ XAY,/ca-xay
/media/products/chim-cut-thumb-3.png,https://thebossvietnam.com/upload/product/huong-dan-su-dung-thit-tuoi-7753.png,image/png,1600,1131,7251311,c9bdb39f5cbf03d5,product-thumb-3,GÀ XAY HỖN HỢP,/ga-xay-hon-hop
/media/products/chim-cut-thumb-3.png,https://thebossvietnam.com/upload/product/huong-dan-su-dung-thit-tuoi-6167.png,image/png,1600,1131,7251311,c9bdb39f5cbf03d5,product-thumb-3,SUPER GÀ,/supper-ga
/media/products/chim-cut-thumb-3.png,https://thebossvietnam.com/upload/product/huong-dan-su-dung-thit-tuoi-5798.png,image/png,1600,1131,7251311,c9bdb39f5cbf03d5,product-thumb-3,THỊT BÒ,/thit-bo
/media/products/chim-cut-thumb-3.png,https://thebossvietnam.com/upload/product/huong-dan-su-dung-thit-tuoi-6839.png,image/png,1600,1131,7251311,c9bdb39f5cbf03d5,product-thumb-3,THỊT HEO,/thit-heo
/media/misc/dai-ly-binh-duong-thumb.png,https://thebossvietnam.com/thumbs/210x144x1/upload/news/binh-duong-6179.png,image/png,210,144,42341,2cf9c780381ea784,related-card,DANH SÁCH ĐẠI LÝ Ở BÌNH DƯƠNG,/danh-sach-dai-ly-o-ho-chi-minh /danh-sach-dai-ly-o-khu-vuc-khac
/media/misc/dai-ly-ho-chi-minh-thumb.png,https://thebossvietnam.com/thumbs/210x144x1/upload/news/avatar-chi-nhanh-dai-ly-5309.png,image/png,210,144,42365,58e651f058d06d41,related-card,DANH SÁCH ĐẠI LÝ Ở HỒ CHÍ MINH,/danh-sach-dai-ly-o-binh-duong-binh-phuoc /danh-sach-dai-ly-o-khu-vuc-khac
/media/misc/dai-ly-khu-vuc-khac-thumb.png,https://thebossvietnam.com/thumbs/210x144x1/upload/news/khu-vuc-khac-2615.png,image/png,210,144,42518,e9d46f8afe76c182,related-card,DANH SÁCH ĐẠI LÝ Ở KHU VỰC KHÁC,/danh-sach-dai-ly-o-ho-chi-minh /danh-sach-dai-ly-o-binh-duong-binh-phuoc
/media/misc/logo-boss-head-157x60.png,https://thebossvietnam.com/thumbs/157x60x1/upload/photo/02-logo-boss-chu-do-nen-trang-5204.png,image/png,157,60,4828,6a7cef3ec6074b32,shell-logo,logo,/he-thong-dai-ly /danh-sach-dai-ly-o-ho-chi-minh /danh-sach-dai-ly-o-binh-duong-binh-phuoc /danh-sach-dai-ly-o-khu-vuc-khac